{
  "fold_id": 0,
  "cls_auc": 0.7045052203532429,
  "cls_ap": 0.6299155255602811,
  "loc_macro_auc": 0.7266213650504528,
  "competition_score": 0.7155632927018478,
  "combined_mean": 0.7155632927018478,
  "mean_num_detections": 35.21021377672209,
  "per_loc_aucs": {
    "Anterior Communicating Artery": 0.7709213119369369,
    "Basilar Tip": 0.7423583318833014,
    "Left Anterior Cerebral Artery": 0.7763105242096838,
    "Left Infraclinoid Internal Carotid Artery": 0.8122751798561152,
    "Left Middle Cerebral Artery": 0.7650297619047619,
    "Left Posterior Communicating Artery": 0.7970173317210804,
    "Left Supraclinoid Internal Carotid Artery": 0.6827102705652695,
    "Other Posterior Circulation": 0.626079171196521,
    "Right Anterior Cerebral Artery": 0.6265658346478612,
    "Right Infraclinoid Internal Carotid Artery": 0.7560532687651332,
    "Right Middle Cerebral Artery": 0.7175283732660782,
    "Right Posterior Communicating Artery": 0.724304715840387,
    "Right Supraclinoid Internal Carotid Artery": 0.6489236698627562
  },
  "num_series": 842
}